Pelicula,Producto punto (u·m),|u|,|m|,Producto normas (|u|·|m|),Similitud coseno
Avengers,36.29411764705882,5.481014731904073,6.782329983125268,37.1740505541443,0.9763293777791621
Matrix,34.64705882352941,5.481014731904073,7.14142842854285,39.14227442368192,0.8851570158776261
Deadpool,30.823529411764703,5.481014731904073,6.557438524302,35.94141715525457,0.8576047315724266
Titanic,12.411764705882353,5.481014731904073,5.0990195135927845,27.947801072268394,0.4441052329586711
La La Land,12.882352941176471,5.481014731904073,5.385164807134504,29.516167641635572,0.4364507309209274
